turning_type,date,price,smooth_detection_date,smooth_detection_price,parameter_set,method
trough,2025-04-16,165.875,2025-04-15,167.1558000437987,default_v1,reconstructed_eod_panel_cap7
peak,2025-04-30,194.9238663484487,2025-05-01,192.99138017210834,default_v1,reconstructed_eod_panel_cap7
trough,2025-05-21,158.35885714285712,2025-05-21,160.229695280311,default_v1,reconstructed_eod_panel_cap7
peak,2025-06-10,193.0830578512397,2025-06-07,191.83851299120076,default_v1,reconstructed_eod_panel_cap7
trough,2025-06-22,172.7012219959267,2025-06-23,173.1624285448798,default_v1,reconstructed_eod_panel_cap7
peak,2025-07-08,200.81296703296707,2025-07-08,196.17248594377932,default_v1,reconstructed_eod_panel_cap7
trough,2025-07-27,160.5943820224719,2025-07-26,162.00574770256003,default_v1,reconstructed_eod_panel_cap7
peak,2025-08-06,190.59430894308946,2025-08-07,188.2456253177611,default_v1,reconstructed_eod_panel_cap7
trough,2025-08-28,165.88771593090212,2025-08-27,166.36915259187262,default_v1,reconstructed_eod_panel_cap7
peak,2025-09-10,196.0133484162896,2025-09-12,193.48483726527658,default_v1,reconstructed_eod_panel_cap7
trough,2025-10-03,166.3858620689655,2025-10-03,166.80559588885225,default_v1,reconstructed_eod_panel_cap7
peak,2025-10-15,195.6307855626327,2025-10-16,193.30574812492046,default_v1,reconstructed_eod_panel_cap7
trough,2025-11-04,170.03675564681723,2025-11-03,171.10908215860576,default_v1,reconstructed_eod_panel_cap7
peak,2025-11-18,202.00448430493273,2025-11-18,198.08042534804454,default_v1,reconstructed_eod_panel_cap7
trough,2025-12-03,169.03671586715868,2025-12-03,171.673879070047,default_v1,reconstructed_eod_panel_cap7
peak,2025-12-14,201.63071895424838,2025-12-14,199.57892975710269,default_v1,reconstructed_eod_panel_cap7
trough,2026-01-11,159.2390243902439,2026-01-10,160.58276467966198,default_v1,reconstructed_eod_panel_cap7
peak,2026-01-26,186.70419753086423,2026-01-25,185.73999391255418,default_v1,reconstructed_eod_panel_cap7
trough,2026-02-17,157.72256728778467,2026-02-14,158.4822329055041,default_v1,reconstructed_eod_panel_cap7
trough,2025-04-16,163.65343137254902,2025-04-13,165.51173544487145,default_v1,station_day_last_mean
peak,2025-05-02,194.75206896551722,2025-05-01,191.7843532494698,default_v1,station_day_last_mean
trough,2025-05-21,157.67142857142858,2025-05-19,160.8863848989321,default_v1,station_day_last_mean
peak,2025-06-10,195.49081967213115,2025-06-12,188.46670175010286,default_v1,station_day_last_mean
trough,2025-06-29,166.66585365853658,2025-06-27,171.8569280045493,default_v1,station_day_last_mean
peak,2025-07-09,197.69710144927538,2025-07-08,193.0238511286013,default_v1,station_day_last_mean
trough,2025-07-27,158.5159420289855,2025-07-24,162.26228228770148,default_v1,station_day_last_mean
peak,2025-08-07,189.81704545454548,2025-08-07,186.4858345089699,default_v1,station_day_last_mean
trough,2025-08-28,165.34619883040935,2025-08-27,166.59152239047535,default_v1,station_day_last_mean
peak,2025-09-16,195.59787985865725,2025-09-14,190.083166420705,default_v1,station_day_last_mean
trough,2025-10-01,166.19778597785978,2025-10-03,167.14635425014754,default_v1,station_day_last_mean
peak,2025-10-17,196.30912280701753,2025-10-16,192.58518925372923,default_v1,station_day_last_mean
trough,2025-11-06,170.93012820512823,2025-11-05,172.35300075661684,default_v1,station_day_last_mean
peak,2025-11-20,200.70600000000002,2025-11-20,195.7556656517856,default_v1,station_day_last_mean
trough,2025-12-02,169.41084337349398,2025-12-02,172.66208910900448,default_v1,station_day_last_mean
peak,2025-12-18,202.95876623376626,2025-12-17,197.16802121165242,default_v1,station_day_last_mean
trough,2026-01-10,158.7414201183432,2026-01-10,160.91691285188307,default_v1,station_day_last_mean
peak,2026-01-27,187.30880281690142,2026-01-25,183.67709539359868,default_v1,station_day_last_mean
trough,2026-02-17,155.72885375494073,2026-02-14,157.25326366854446,default_v1,station_day_last_mean
trough,2025-04-16,163.80351307189542,2025-04-13,165.80094873617372,default_v1,station_day_mean_equal_weight
peak,2025-05-02,195.44182183908046,2025-05-02,192.31223953210815,default_v1,station_day_mean_equal_weight
trough,2025-05-21,158.0551917989418,2025-05-19,161.29147149722002,default_v1,station_day_mean_equal_weight
peak,2025-06-10,195.69120218579235,2025-06-12,188.85115252656243,default_v1,station_day_mean_equal_weight
trough,2025-06-29,167.05264227642277,2025-06-27,172.24936439398584,default_v1,station_day_mean_equal_weight
peak,2025-07-09,198.16340579710143,2025-07-09,193.05248873123492,default_v1,station_day_mean_equal_weight
trough,2025-07-27,159.03574879227054,2025-07-24,162.5724585333771,default_v1,station_day_mean_equal_weight
peak,2025-08-07,190.2348484848485,2025-08-08,186.54893130287437,default_v1,station_day_mean_equal_weight
trough,2025-08-28,165.56910331384015,2025-08-27,166.73189795552304,default_v1,station_day_mean_equal_weight
peak,2025-09-16,196.02122328790173,2025-09-14,190.533998356837,default_v1,station_day_mean_equal_weight
trough,2025-10-01,166.04218942189422,2025-10-03,167.38425405123,default_v1,station_day_mean_equal_weight
peak,2025-10-17,196.62914619883043,2025-10-16,192.71722987186646,default_v1,station_day_mean_equal_weight
trough,2025-11-06,170.97232905982906,2025-11-05,172.3242142409078,default_v1,station_day_mean_equal_weight
peak,2025-11-20,201.55356122448978,2025-11-20,196.04900423892317,default_v1,station_day_mean_equal_weight
trough,2025-12-03,169.15777594274704,2025-12-02,172.91966972143373,default_v1,station_day_mean_equal_weight
peak,2025-12-18,203.63502164502165,2025-12-17,197.77833611521208,default_v1,station_day_mean_equal_weight
trough,2026-01-10,158.9319526627219,2026-01-10,160.9653586010533,default_v1,station_day_mean_equal_weight
peak,2026-01-28,187.88192056905748,2026-01-27,184.21182071710402,default_v1,station_day_mean_equal_weight
trough,2026-02-17,155.45125164690384,2026-02-14,157.49564075546112,default_v1,station_day_mean_equal_weight
trough,2025-04-19,158.2,2025-04-20,160.37142857142857,default_v1,station_day_median
peak,2025-05-01,199.9,2025-04-30,195.67142857142858,default_v1,station_day_median
trough,2025-05-31,153.45,2025-05-29,155.57142857142858,default_v1,station_day_median
peak,2025-06-10,199.9,2025-06-12,189.42857142857142,default_v1,station_day_median
trough,2025-06-30,163.9,2025-06-30,165.5,default_v1,station_day_median
peak,2025-07-08,202.9,2025-07-10,194.95714285714286,default_v1,station_day_median
trough,2025-07-30,155.9,2025-07-29,157.75714285714284,default_v1,station_day_median
peak,2025-08-09,191.9,2025-08-07,189.4714285714286,default_v1,station_day_median
trough,2025-08-28,163.9,2025-08-29,165.35714285714286,default_v1,station_day_median
peak,2025-09-16,196.9,2025-09-13,191.54285714285714,default_v1,station_day_median
trough,2025-10-11,158.9,2025-10-08,163.94285714285712,default_v1,station_day_median
peak,2025-10-13,202.3,2025-10-15,198.05714285714288,default_v1,station_day_median
trough,2025-11-11,165.9,2025-11-08,169.32857142857142,default_v1,station_day_median
peak,2025-11-20,204.9,2025-11-21,198.3,default_v1,station_day_median
trough,2025-12-06,165.9,2025-12-03,169.32857142857142,default_v1,station_day_median
peak,2025-12-18,207.9,2025-12-17,201.24285714285716,default_v1,station_day_median
trough,2026-01-13,157.9,2026-01-14,158.58571428571426,default_v1,station_day_median
peak,2026-01-22,189.9,2026-01-25,188.01428571428573,default_v1,station_day_median
trough,2026-02-17,153.9,2026-02-18,154.54285714285714,default_v1,station_day_median
trough,2025-04-16,163.7767175572519,2025-04-14,165.33277578541149,default_v1,update_event_mean
peak,2025-05-02,194.6845953002611,2025-05-02,191.91979978388784,default_v1,update_event_mean
trough,2025-05-21,158.2659375,2025-05-20,160.81767413872146,default_v1,update_event_mean
peak,2025-06-10,195.09715762273905,2025-06-12,188.02845131031225,default_v1,update_event_mean
trough,2025-06-29,166.5,2025-06-27,171.82217225753135,default_v1,update_event_mean
peak,2025-07-09,198.90671641791045,2025-07-10,192.8956018905707,default_v1,update_event_mean
trough,2025-07-27,158.68522727272727,2025-07-24,162.4258832095918,default_v1,update_event_mean
peak,2025-08-07,189.79058823529414,2025-08-09,186.33556926899783,default_v1,update_event_mean
trough,2025-08-28,165.9061224489796,2025-08-27,166.78753269926233,default_v1,update_event_mean
peak,2025-09-16,195.02193211488253,2025-09-14,190.11585772144105,default_v1,update_event_mean
trough,2025-10-01,166.48716577540108,2025-10-03,167.42343864363482,default_v1,update_event_mean
peak,2025-10-18,196.35676328502416,2025-10-16,191.4619832192444,default_v1,update_event_mean
trough,2025-11-06,170.72468085106385,2025-11-05,172.13793871971035,default_v1,update_event_mean
peak,2025-11-20,201.25132743362832,2025-11-21,196.0190544525837,default_v1,update_event_mean
trough,2025-12-03,169.43059701492538,2025-12-03,172.202290012271,default_v1,update_event_mean
peak,2025-12-18,202.37649484536084,2025-12-17,196.60647522074402,default_v1,update_event_mean
trough,2026-01-10,159.45353535353536,2026-01-10,161.00946508753736,default_v1,update_event_mean
peak,2026-01-28,188.4230593607306,2026-01-27,184.08358376676375,default_v1,update_event_mean
trough,2026-02-17,155.9160237388724,2026-02-14,157.2374852313197,default_v1,update_event_mean
